Categorization,Main Dealer,Nama Dealer,Instagram
Dealer,Honda Jakarta Center,Honda Arista Depok,https://www.instagram.com/hondaaristadepok.official/
Dealer,Honda Jakarta Center,Honda Arista Mangga Dua,https://www.instagram.com/hondaaristamanggadua.id/
Dealer,Honda Jakarta Center,Honda Arta Cikupa,https://www.instagram.com/honda.arta/
Dealer,Honda Jakarta Center,Honda Autoland Cikupa,https://www.instagram.com/honda.arta/
Dealer,Honda Jakarta Center,Honda Kebon Jeruk,https://www.instagram.com/hondakebonjerukofficial/
Dealer,Honda Jakarta Center,Honda Megah Cinere,https://www.instagram.com/hondamegahcinere/
Dealer,Honda Jakarta Center,Honda Megatama Bekasi,https://www.instagram.com/honda.megatamabekasi/
Dealer,Honda Jakarta Center,Honda Nusantara Bekasi,https://www.instagram.com/hondanusantarabekasi.official/
Dealer,Honda Jakarta Center,Honda Nusantara MT Haryono,https://www.instagram.com/hondanusantara.official/
Dealer,Honda Jakarta Center,Honda Pondok Cabe,https://www.instagram.com/hondapondokcabe125/
Dealer,Honda Jakarta Center,Honda Tebet,https://www.instagram.com/honda_tebet/
Dealer,Honda Jakarta Center,Honda Tendean,https://www.instagram.com/hondatendean0119/
Dealer,Honda Bandung Center,Honda Star Motor,https://www.instagram.com/hondastarmotortasik_official/
Dealer,Honda Bandung Center,Honda Kumala Karawang,https://www.instagram.com/hondakumalaofficial/
Dealer,Honda Bandung Center,Honda Auto Serang,https://www.instagram.com/hondaautoserangofficial/
Dealer,Honda Bandung Center,Honda Kumala Cikampek,https://www.instagram.com/hondakumalaofficial_cikampek/
Dealer,Honda Bandung Center,Honda Auto Cilegon,https://www.instagram.com/hondaautocilegonofficial
Dealer,Honda Semarang Center,Honda Bintang,https://www.instagram.com/hondabintang_official/
Dealer,Honda Semarang Center,Honda Solo Baru,https://www.instagram.com/hondasolobaruofficial/
Dealer,Honda Semarang Center,Honda Salatiga Jaya,https://www.instagram.com/hondasalatigajaya.official/
Dealer,Honda Semarang Center,Honda Pati jaya,https://www.instagram.com/hondapatijayaa/
Dealer,Honda Semarang Center,Honda Mandalatama BSB,https://www.instagram.com/hondabsb_official/
Dealer,Honda Semarang Center,Honda Perkasa Klaten,https://www.instagram.com/hondaperkasaklaten_official/
Dealer,Honda Surabaya Center,Honda Denpasar Agung,https://www.instagram.com/hondadaim/
Dealer,Honda Surabaya Center,Honda Naga Motor,https://www.instagram.com/hondanagamotorntb/
Dealer,Honda Surabaya Center,Honda Pacific Motor,https://www.instagram.com/hondapacifickediri/
Dealer,Honda Surabaya Center,Honda Surya Agung,https://www.instagram.com/hondasuryaagung/
Dealer,Honda Surabaya Center,Honda Dewata Motor,https://www.instagram.com/hondadewata.official/
Dealer,Honda Surabaya Center,Honda Istana Jember,https://www.instagram.com/hondaistanajbr/
Dealer,Honda Surabaya Center,Honda Mitra Mojokerto,https://www.instagram.com/hondamitramojokerto.official/
Dealer,Honda Surabaya Center,Honda Sukun Malang,https://www.instagram.com/hondasukun/
Dealer,Honda Surabaya Center,Honda Kupang Indah,https://www.instagram.com/hondakupangindah_/
Dealer,Honda Surabaya Center,Honda Mitra Tuban,https://www.instagram.com/hondamitratuban_official/
Dealer,Honda Surabaya Center,Honda Istana Banyuwangi,https://www.instagram.com/hondaistanabanyuwangi/
Dealer,Honda Surabaya Center,Honda Mitra Gresik,https://www.instagram.com/hondamitragresik.official/
Dealer,Honda Surabaya Center,Honda Pacific Tulungagung,https://www.instagram.com/hondapacifictulungagung/
Dealer,Honda Surabaya Center,Honda Lestari Probolinggo,https://www.instagram.com/hondalestari/
Dealer,Honda Surabaya Center,Honda Cokroaminoto,https://www.instagram.com/hondacokro.id/
Dealer,Honda Surabaya Center,Honda Bintang Madiun,https://www.instagram.com/hondabintangmadiun/
Dealer,Honda Surabaya Center,Honda Prisma HR Muhammad,https://www.instagram.com/hondaprisma/
Dealer,Honda Surabaya Center,Honda Bintang Tabanan,https://www.instagram.com/hondatabananbali/
Dealer,Honda Outside Java (R1),Honda Maju Motor Tanjung Api-api,https://www.instagram.com/hondamajupalembang
Dealer,Honda Outside Java (R1),Honda Gajah Motor,https://www.instagram.com/hondagajahmotorofficial
Dealer,Honda Outside Java (R1),Honda Gajah Motor Bypass,https://www.instagram.com/hondagajahmotorofficial
Dealer,Honda Outside Java (R1),Honda Niaga Bangka,https://www.instagram.com/hondaniagabangkaofficial
Dealer,Honda Outside Java (R1),Honda Niaga Sudirman,https://www.instagram.com/hondaniagasudirmanofficial
Dealer,Honda Outside Java (R1),Honda Arista Banda Aceh,https://www.instagram.com/hondaaristabandaaceh.official/
Dealer,Honda Outside Java (R1),Honda Wiltop Jambi,https://www.instagram.com/honda.wiltop.jambi/
Dealer,Honda Outside Java (R1),Honda Soekarno Hatta,https://www.instagram.com/hondasoekarnohattapekanbaru
Dealer,Honda Outside Java (R1),Honda Arista Sudirman,https://www.instagram.com/hondaaristapekanbaru_official/
Dealer,Honda Outside Java (R1),Honda Arista Ringroad,https://www.instagram.com/hondaaristaringroad/
Dealer,Honda Outside Java (R1),Honda SM Amin,https://www.instagram.com/hondasmaminofficial
Dealer,Honda Outside Java (R1),Honda Intimobil Lampung,https://www.instagram.com/hondaintimobil
Dealer,Honda Outside Java (R2),Honda KMG Manado,https://www.instagram.com/honda_kmgmanado/
Dealer,Honda Outside Java (R2),Honda Selaras Ambon,https://www.instagram.com/hondaselarasambon/
Dealer,Honda Outside Java (R2),Honda Trio Raya,https://www.instagram.com/hondatriopalangkaraya.id/
Dealer,Honda Outside Java (R2),Honda KMG Palu,https://www.instagram.com/Hondakmg_palu/
Dealer,Honda Outside Java (R2),Honda Bone Indah,https://www.instagram.com/hondaboneindah/
Dealer,Honda Outside Java (R2),Honda Balindo Mamuju,https://www.instagram.com/balindomamuju_official/
Dealer,Honda Outside Java (R2),Honda Internusa Makassar,https://www.instagram.com/hondainternusa.makassar/
Dealer,Honda Outside Java (R2),Honda Selaras Ternate,https://www.instagram.com/hondaselarasternate_hst/
Dealer,Honda Outside Java (R2),Honda Remaja Jaya Panaikang,https://www.instagram.com/hondamobil.remajajaya
Dealer,Honda Outside Java (R2),Honda Remaja Jaya Riburane,https://www.instagram.com/hondamobil.remajajaya
Certified+,Honda Jakarta Center,Primauto,https://instagram.com/primautohonda
Certified+,Honda Jakarta Center,Bintang Used Car,https://instagram.com/hondabintangusedcar
Certified+,Honda Jakarta Center,Mugen Used Car,https://instagram.com/hondausedcarpuri
Certified+,Honda Outside Java (R1),Wiltop Muaro Jambi,https://instagram.com/hondawiltop_usedcar
Certified+,Honda Semarang Center,Anugerah Used Car,https://instagram.com/hondaanugerahusedcar
Certified+,Honda Outside Java (R2),KMG Certified Used Car,https://www.instagram.com/hondakmgcertifiedusedcar
Certified+,Honda Outside Java (R1),Union Auto,https://www.instagram.com/hondaunionauto
Certified+,Honda Outside Java (R2),SLS Used Car,https://www.instagram.com/hondasanggarlaut.usedcar
Certified+,Honda Outside Java (R2),Aldea Used Car,https://www.instagram.com/honda_aldea_used_car
Certified+,Honda Outside Java (R2),Nengga Used Car,https://www.instagram.com/hondanenggausedcar
Certified+,Honda Jakarta Center,Jakarta Center Used Car by Primauto,https://instagram.com/primautohonda
Certified+,Honda Jakarta Center,Imora Sentul Used Car by Primauto,https://instagram.com/primautohonda
Certified+,Honda Outside Java (R1),Cikarang Used Car,https://instagram.com/primautohonda
Certified+,Honda Semarang Center,Bintang Solo Used Car,https://www.instagram.com/usedcarhondabintangsolo
Certified+,Honda Semarang Center,Solo Baru Used Car,https://www.instagram.com/usedcarhondabintangsolo
Certified+,Honda Jakarta Center,Ambara Usedcar Fatmawati,https://instagram.com/ambarausedcar?
Certified+,Honda Outside Java (R2),Sanggar Laut Maros,https://www.instagram.com/hondasanggarlaut.usedcar
Certified+,Honda Outside Java (R2),Sanggar Laut Belopa,https://www.instagram.com/hondasanggarlaut.usedcar
Certified+,Honda Outside Java (R2),Amartha Used Car,https://www.instagram.com/amarthausedcar
,,,
Dealer,Honda Jakarta Center,Honda Arista Jatinegara,https://www.instagram.com/hondaaristajatinegara.id/
Dealer,Honda Jakarta Center,Honda Autoland,https://www.instagram.com/hondaautolandgroup/
Dealer,Honda Jakarta Center,Honda Bintaro,https://www.instagram.com/hondaautolandgroup/
Dealer,Honda Jakarta Center,Honda Cakra Pangukir,https://www.instagram.com/hondacakrapangukir/
Dealer,Honda Jakarta Center,Honda Fatmawati,https://www.instagram.com/hondafatmawatiofficial/
Dealer,Honda Jakarta Center,Honda IKM Ciledug,https://www.instagram.com/hondaikmciledug
Dealer,Honda Jakarta Center,Honda IKM Daan Mogot,https://www.instagram.com/hondaikmdaanmogot/
Dealer,Honda Jakarta Center,Honda Imora Sentul,https://www.instagram.com/imorasentul/
Dealer,Honda Jakarta Center,Honda Internusa Cibinong,https://www.instagram.com/hondainternusacibinong/
Dealer,Honda Jakarta Center,Honda Mandiri Bogor,https://www.instagram.com/hondamandiribogorofficial/
Dealer,Honda Jakarta Center,Honda Megatama Kalimalang,https://www.instagram.com/hondamegatamakalimalang/
Dealer,Honda Jakarta Center,Honda Megatama Kapuk,https://www.instagram.com/hondamegatamakapuk/
Dealer,Honda Jakarta Center,Honda Mitra Jatiasih,https://www.instagram.com/hondamitrajatiasihofficial/
Dealer,Honda Jakarta Center,Honda Mitra Lenteng Agung,https://www.instagram.com/hondamitralentengagung/
Dealer,Honda Jakarta Center,Honda Mugen Pasar Minggu,https://www.instagram.com/hondapasarminggu/
Dealer,Honda Jakarta Center,Honda Mugen Puri,https://www.instagram.com/hondapurikembangan/
Dealer,Honda Jakarta Center,Honda Permata Hijau,https://www.instagram.com/hondapermatahijauofficial/
Dealer,Honda Jakarta Center,Honda Sholeh Iskandar,https://www.instagram.com/hondabogor.id/
Dealer,Honda Jakarta Center,Honda Sunter,https://www.instagram.com/hondasunter/
Dealer,Honda Jakarta Center,Honda Surya Jaya Cijantung,https://www.instagram.com/hondacijantungofficial/
Dealer,Honda Bandung Center,Honda LPPM,https://www.instagram.com/honda.lppm/
Dealer,Honda Bandung Center,Honda Mulya Putra,https://www.instagram.com/hondamulyaputra/
Dealer,Honda Bandung Center,Honda Ahmad Yani,https://www.instagram.com/hondaayani.official/
Dealer,Honda Bandung Center,Honda Sonic,https://www.instagram.com/hondasonic368/
Dealer,Honda Bandung Center,Honda Eiyu Indramayu,https://www.instagram.com/hondaeiyu/
Dealer,Honda Bandung Center,Honda Perdana Sukabumi,https://www.instagram.com/honda.perdanasukabumi/
Dealer,Honda Bandung Center,Honda Abadi Cibiru,https://www.instagram.com/hac.hondaabadicibiru/
Dealer,Honda Bandung Center,Honda IBRM Cimahi,https://www.instagram.com/ibrmcimahiofficials/
Dealer,Honda Semarang Center,Honda Anugerah Yogyakarta,https://www.instagram.com/hondaanugerah_official/
Dealer,Honda Semarang Center,Honda Istana Carindo,https://www.instagram.com/hondaistanacarindo_official/
Dealer,Honda Semarang Center,Honda Kusuma,https://www.instagram.com/hondakusumaofficial/
Dealer,Honda Semarang Center,Honda Pekalongan Motor,https://www.instagram.com/hondapekalonganmotor_official/
Dealer,Honda Semarang Center,Honda Tugu,https://www.instagram.com/hondatuguofficial/
Dealer,Honda Semarang Center,Honda Tunas Jaya,https://www.instagram.com/hondatunasjaya_official/
Dealer,Honda Semarang Center,Honda Kudus Jaya,https://www.instagram.com/hondakudusjayaofficial/
Dealer,Honda Semarang Center,Honda Tegal Raya,https://www.instagram.com/hondategalraya_official/
Dealer,Honda Semarang Center,Honda Sumber Cilacap,https://www.instagram.com/hondasumbercilacappurwokerto/
Dealer,Honda Semarang Center,Honda Sumber Purwokerto,https://www.instagram.com/honda_sumber_official/
Dealer,Honda Semarang Center,Honda Mandalatama Jepara,https://www.instagram.com/hondajepara.official/
Dealer,Honda Semarang Center,Honda Gajah Mada,https://www.instagram.com/hondagajahmada_official/ 
Dealer,Honda Outside Java (R1),Honda Arista SM Raja,https://www.instagram.com/hondaaristasmraja.official/
Dealer,Honda Outside Java (R1),Honda Union Palembang,https://www.instagram.com/hondaunionmotor
Dealer,Honda Outside Java (R1),Honda Nagoya,https://www.instagram.com/hondanagoya
Dealer,Honda Outside Java (R1),Honda Taman Kota,https://www.instagram.com/hondatamankota_official
Dealer,Honda Outside Java (R1),Honda Thamrin Jambi,https://www.instagram.com/jambi.honda
Dealer,Honda Outside Java (R1),Honda Bintan Pratama,https://www.instagram.com/Hondabintanpratama_
Dealer,Honda Outside Java (R1),Honda IDK Cemara,https://www.instagram.com/Hondaidkcemara_official
Dealer,Honda Outside Java (R1),Honda IDK 2,https://www.instagram.com/hondaidk2seibatanghari
Dealer,Honda Outside Java (R1),Honda Arista Rajabasa,https://www.instagram.com/Hondaaristarajabasa
Dealer,Honda Outside Java (R1),Honda Cikarang,https://www.instagram.com/Hondacikarang_
Dealer,Honda Outside Java (R2),Honda Trio Motor,https://www.instagram.com/hondatriobanjarmasin.id/
Dealer,Honda Outside Java (R2),Honda Mitra Jayapura,https://www.instagram.com/hondamitrajayapura/
Dealer,Honda Outside Java (R2),Honda Balindo,https://www.instagram.com/hondabalindoresmi/
Dealer,Honda Outside Java (R2),Honda Sanggar Laut Selatan,https://www.instagram.com/Hondasanggarlautselatan/
Dealer,Honda Outside Java (R2),Honda Sanggar Laut Selatan 2,https://www.instagram.com/Hondasanggarlautselatan/
Dealer,Honda Outside Java (R2),Honda Sanggar Laut Palopo,https://www.instagram.com/honda.sanggarlautpalopo/
Dealer,Honda Outside Java (R2),Honda Makassar Indah,https://www.instagram.com/hondamim/
Dealer,Honda Outside Java (R2),Honda Martadinata 2,https://www.instagram.com/honda.martadinata2/
Dealer,Honda Outside Java (R2),Honda Nusantara Samarinda,https://www.instagram.com/hondanusantarasmd.official/
Dealer,Honda Outside Java (R2),Honda Cahaya Gratia,https://www.instagram.com/honda_cahaya_gratia/
Dealer,Honda Outside Java (R2),Honda Amartha Samarinda,https://www.instagram.com/Hondaamartha/
Dealer,Honda Outside Java (R2),Honda Daya Motor,https://www.instagram.com/hondadayamotorkalbar/
Dealer,Honda Outside Java (R2),Honda Nengga Mobilindo,https://www.instagram.com/hondanenggamobilindo_/
Dealer,Honda Outside Java (R2),Honda Nusantara Balikpapan,https://www.instagram.com/hondanusantarabalikpapan/
,,,
Dealer,Honda Jakarta Center,Honda Bintang Cimone,https://www.instagram.com/hondabintangcimone/
Dealer,Honda Jakarta Center,Honda Cibubur,https://www.instagram.com/honda.cibubur/
Dealer,Honda Jakarta Center,Honda Jakarta Center (Retail),https://www.instagram.com/hondaimora/
Dealer,Honda Jakarta Center,Honda Kencana Kranji,https://www.instagram.com/honda_kencana_kranji/
Dealer,Honda Jakarta Center,Honda Permata Serpong,https://www.instagram.com/hondapermataofficial/
Dealer,Honda Jakarta Center,Honda Prima Harapan Indah,https://www.instagram.com/hondaphi/
Dealer,Honda Jakarta Center,Honda Tren Alam Sutera,https://www.instagram.com/hondatrenalamsutera/
Dealer,Honda Bandung Center,Honda Autobest,https://www.instagram.com/honda.autobest/
Dealer,Honda Bandung Center,Honda Mulia Cianjur,https://www.instagram.com/hondamuliacianjurofficial/
Dealer,Honda Bandung Center,Honda IBRM Subang,https://www.instagram.com/ibrmsubangofficial/
Dealer,Honda Bandung Center,Honda Bandung Center (Retail),https://www.instagram.com/ibrmofficial/
Dealer,Honda Semarang Center,Honda Semarang Center (Retail),https://www.instagram.com/hondasemarangcenter_dealer/
Dealer,Honda Semarang Center,Honda Anugerah Sejahtera,https://www.instagram.com/hondaanugerahsejahteraofficial/
Dealer,Honda Surabaya Center,Honda Mandalasena,https://www.instagram.com/hondamandalasenamlg/
Dealer,Honda Surabaya Center,Honda Naga Motor 2,https://www.instagram.com/hondanagamotorntb/
Dealer,Honda Surabaya Center,Honda Royal Wiyung,https://www.instagram.com/honda.royalwiyung/
Dealer,Honda Surabaya Center,Honda Royal Kenjeran,https://www.instagram.com/hondaroyalkenjeran/
Dealer,Honda Surabaya Center,Honda Surabaya Center (Retail),https://www.instagram.com/hondasurabayacenter.imsi/
Dealer,Honda Outside Java (R1),Honda IDK 1,https://www.instagram.com/hondaidk1medan
Dealer,Honda Outside Java (R1),Honda Arista Bengkulu,https://www.instagram.com/hondaaristabengkulu.official
Dealer,Honda Outside Java (R2),Honda Trio Banjarbaru,https://www.instagram.com/hondatriobanjarbaru.id/
