Main Dealer,Nama Dealer,Instagram
Honda Jakarta Center,Honda Arista Depok,https://www.instagram.com/hondaaristadepok.official/
Honda Jakarta Center,Honda Arista Jatinegara,https://www.instagram.com/hondaaristajatinegara.id/
Honda Jakarta Center,Honda Arista Mangga Dua,https://www.instagram.com/hondaaristamanggadua.id/
Honda Bandung Center,Honda Autobest,https://www.instagram.com/honda.autobest/
Honda Bandung Center,Honda Mulya Putra,https://www.instagram.com/hondamulyaputra/
Honda Semarang Center,Honda Anugerah Yogyakarta,https://www.instagram.com/hondaanugerah_official/
Honda Semarang Center,Honda Bintang,https://www.instagram.com/hondabintang_official/
Honda Surabaya Center,Honda Denpasar Agung,https://www.instagram.com/hondadaim/
Honda Surabaya Center,Honda Mandalasena,https://www.instagram.com/hondamandalasenamlg/
Honda Outside Java (R1),Honda Maju Motor Tanjung Api-api,https://www.instagram.com/hondamajupalembang